key,test_pred
1,0.02016153
5,0.5067112
8,0.25102782
9,0.6801825
13,0.3559078
0,0.70602244
7,0.38612112
11,0.076155126
16,0.086714186
18,0.10528606
19,0.17242238
3,0.026695786
4,0.009403999
2,0.48256162
6,0.5829611
10,0.022899803
12,0.022047974
14,0.20326532
15,0.11815883
17,0.014536603
